{
  "GCBARt": {
    "count": 6,
    "crew": 2,
    "education": null
  },
  "SPgaz": {
    "count": 1,
    "crew": 1,
    "education": null
  },
  "SH": {
    "count": 1,
    "crew": 1,
    "education": null
  },
  "SLRr": {
    "count": 1,
    "crew": 1,
    "education": null
  },
  "SD": {
    "count": 1,
    "crew": 1,
    "education": null
  },
  "SLOp": {
    "count": 1,
    "crew": 1,
    "education": null
  },
  "SW": {
    "count": 1,
    "crew": 1,
    "education": null
  }
}