{"Po\u017car kosza na \u015bmieci": {"cars": {"GBA": 1}, "info": {"LPR": false, "LPR_chances": 0, "max_patients": 0, "SM_replace": 0, "avg_credits": 110}}, "Po\u017car kontenera": {"cars": {"GBA": 1}, "info": {"LPR": false, "LPR_chances": 0, "max_patients": 0, "SM_replace": 0, "avg_credits": 170}}, "P\u0142on\u0105cy samoch\u00f3d": {"cars": {"GBA": 1}, "info": {"LPR": false, "LPR_chances": 0, "max_patients": 0, "SM_replace": 0, "avg_credits": 370}}, "P\u0142on\u0105cy motocykl": {"cars": {"GBA": 1}, "info": {"LPR": false, "LPR_chances": 0, "max_patients": 0, "SM_replace": 0, "avg_credits": 340}}, "P\u0142on\u0105ca trawa": {"cars": {"GBA": 1}, "info": {"LPR": false, "LPR_chances": 0, "max_patients": 0, "SM_replace": 0, "avg_credits": 200}}, "Po\u017car pomieszczenia": {"cars": {"GBA": 2, "SH": 1}, "info": {"LPR": false, "LPR_chances": 0, "max_patients": 1, "SM_replace": 0, "avg_credits": 1400}}, "Po\u017car altanki": {"cars": {"GBA": 2}, "info": {"LPR": false, "LPR_chances": 0, "max_patients": 0, "SM_replace": 0, "avg_credits": 600}}, "P\u0142on\u0105ce li\u015bcie": {"cars": {"GBA": 1}, "info": {"LPR": false, "LPR_chances": 0, "max_patients": 0, "SM_replace": 0, "avg_credits": 210}}, "Po\u017car gabaryt\u00f3w": {"cars": {"GBA": 1}, "info": {"LPR": false, "LPR_chances": 0, "max_patients": 0, "SM_replace": 0, "avg_credits": 220}}, "Po\u017car beli s\u0142omy": {"cars": {"GBA": 1}, "info": {"LPR": false, "LPR_chances": 0, "max_patients": 0, "SM_replace": 0, "avg_credits": 250}}, "Po\u017car traktora": {"cars": {"GBA": 1}, "info": {"LPR": false, "LPR_chances": 0, "max_patients": 0, "SM_replace": 0, "avg_credits": 600}}, "Zwarcie w instalacji elektrycznej": {"cars": {"GBA": 1}, "info": {"LPR": false, "LPR_chances": 0, "max_patients": 0, "SM_replace": 0, "avg_credits": 240}}, "Drzewo na drodze": {"cars": {"GBA": 1}, "info": {"LPR": false, "LPR_chances": 0, "max_patients": 0, "SM_replace": 0, "avg_credits": 310}}, "P\u0142on\u0105ca ci\u0119\u017car\u00f3wka": {"cars": {"GBA": 2}, "info": {"LPR": false, "LPR_chances": 0, "max_patients": 0, "SM_replace": 0, "avg_credits": 980}}, "Ma\u0142y po\u017car pola": {"cars": {"GBA": 2}, "info": {"LPR": false, "LPR_chances": 0, "max_patients": 0, "SM_replace": 0, "avg_credits": 1000}}, "Ma\u0142y po\u017car lasu": {"cars": {"GBA": 1}, "info": {"LPR": false, "LPR_chances": 0, "max_patients": 0, "SM_replace": 0, "avg_credits": 1010}}, "Po\u017car przyczepy kempingowej": {"cars": {"GBA": 2}, "info": {"LPR": false, "LPR_chances": 0, "max_patients": 0, "SM_replace": 0, "avg_credits": 1100}}, "P\u0142on\u0105ca skrzynka na listy": {"cars": {"GBA": 1}, "info": {"LPR": false, "LPR_chances": 0, "max_patients": 0, "SM_replace": 0, "avg_credits": 340}}, "Sterta ga\u0142\u0119zi": {"cars": {"GBA": 1}, "info": {"LPR": false, "LPR_chances": 0, "max_patients": 0, "SM_replace": 0, "avg_credits": 700}}, "P\u0142on\u0105ca przyczepa": {"cars": {"GBA": 1}, "info": {"LPR": false, "LPR_chances": 0, "max_patients": 0, "SM_replace": 0, "avg_credits": 650}}, "Po\u017car piwnicy": {"cars": {"SLOP": 1, "GBA": 3}, "info": {"LPR": false, "LPR_chances": 0, "max_patients": 0, "SM_replace": 0, "avg_credits": 2500}}, "Po\u017car komina": {"cars": {"SH": 1, "SLOP": 1, "GBA": 1}, "info": {"LPR": false, "LPR_chances": 0, "max_patients": 0, "SM_replace": 0, "avg_credits": 2400}}, "Po\u017car dachu": {"cars": {"SH": 1, "GBA": 3, "SLOP": 1}, "info": {"LPR": false, "LPR_chances": 0, "max_patients": 0, "SM_replace": 0, "avg_credits": 2700}}, "P\u0142on\u0105cy t\u0142uszcz": {"cars": {"GBA": 1}, "info": {"LPR": false, "LPR_chances": 0, "max_patients": 0, "SM_replace": 0, "avg_credits": 1200}}, "P\u0142on\u0105cy przystanek autobusowy": {"cars": {"GBA": 1}, "info": {"LPR": false, "LPR_chances": 0, "max_patients": 0, "SM_replace": 0, "avg_credits": 900}}, "Kolizja drogowa": {"cars": {"GBA": 1}, "info": {"LPR": false, "LPR_chances": 0, "max_patients": 0, "SM_replace": 0, "avg_credits": 1000}}, "Po\u017car ma\u0142ego supermarketu": {"cars": {"GBA": 4, "SLOP": 1}, "info": {"LPR": false, "LPR_chances": 0, "max_patients": 2, "SM_replace": 0, "avg_credits": 3000}}, "Po\u017car gara\u017cu": {"cars": {"GBA": 2}, "info": {"LPR": false, "LPR_chances": 0, "max_patients": 0, "SM_replace": 0, "avg_credits": 1400}}, "P\u0142on\u0105ca maszyna": {"cars": {"GBA": 3, "GCBART": 1, "SLOP": 1, "SCCN": 1}, "info": {"LPR": false, "LPR_chances": 0, "max_patients": 0, "SM_replace": 0, "avg_credits": 2470}}, "Wyciek nieznanej substancji z cysterny": {"cars": {"GBA": 4, "GCBART": 2, "SLOP": 2, "OPI": 3, "RCHEM": 2}, "info": {"LPR": false, "LPR_chances": 0, "max_patients": 0, "SM_replace": 1, "avg_credits": 5300}}, "Wyciek paliwa": {"cars": {"GBA": 1}, "info": {"LPR": false, "LPR_chances": 0, "max_patients": 0, "SM_replace": 0, "avg_credits": 400}}, "Po\u017car kominka": {"cars": {"SLOP": 1, "SH": 1, "GBA": 1}, "info": {"LPR": false, "LPR_chances": 0, "max_patients": 0, "SM_replace": 0, "avg_credits": 1310}}, "Po\u017car kombajnu": {"cars": {"GBA": 2}, "info": {"LPR": false, "LPR_chances": 0, "max_patients": 0, "SM_replace": 0, "avg_credits": 1200}}, "Po\u017car w szpitalu": {"cars": {"GBA": 10, "SLOP": 2, "GCBART": 2, "SPGAZ": 2, "SCCN": 1, "SH": 3}, "info": {"LPR": false, "LPR_chances": 0, "max_patients": 25, "SM_replace": 0, "avg_credits": 6400}}, "Po\u017car warsztatu samochodowego": {"cars": {"GBA": 8, "SLOP": 2, "SH": 2, "GCBART": 1, "SCCN": 1, "RCHEM": 1, "OPI": 2, "PR": 1}, "info": {"LPR": false, "LPR_chances": 0, "max_patients": 4, "SM_replace": 1, "avg_credits": 6000}}, "Po\u017car kuchni": {"cars": {"GBA": 2}, "info": {"LPR": false, "LPR_chances": 0, "max_patients": 0, "SM_replace": 0, "avg_credits": 1000}}, "Uwi\u0119zione zwierz\u0119": {"cars": {"GBA": 1, "GCBART": 1}, "info": {"LPR": false, "LPR_chances": 0, "max_patients": 0, "SM_replace": 0, "avg_credits": 900}}, "Po\u017car hali sportowej": {"cars": {"GBA": 5, "SLOP": 1, "SH": 1}, "info": {"LPR": false, "LPR_chances": 0, "max_patients": 4, "SM_replace": 0, "avg_credits": 4000}}, "Katastrofa lekkiego samolotu (lotnisko)": {"cars": {"GBA": 3, "GCBART": 2, "SLOP": 1, "PR": 1}, "info": {"LPR": false, "LPR_chances": 0, "max_patients": 4, "SM_replace": 0, "avg_credits": 2500}}, "Wypadek z udzia\u0142em autobusu": {"cars": {"GBA": 2, "GCBART": 1, "WRD": 2, "APRD": 1}, "info": {"LPR": false, "LPR_chances": 0, "max_patients": 12, "SM_replace": 0, "avg_credits": 1000}}, "Po\u017car du\u017cego supermarketu": {"cars": {"GBA": 10, "SLOP": 3, "SH": 3, "GCBART": 1, "SPGAZ": 2, "DIL": 1, "SCCN": 1, "OPI": 1}, "info": {"LPR": false, "LPR_chances": 0, "max_patients": 6, "SM_replace": 0, "avg_credits": 6000}}, "Katastrofa awionetki": {"cars": {"GBA": 4, "SLOP": 1, "GCBART": 1, "SCDZ": 1, "SCCN": 1, "RCHEM": 1}, "info": {"LPR": false, "LPR_chances": 0, "max_patients": 4, "SM_replace": 0, "avg_credits": 4500}}, "Powa\u017cny wypadek z udzia\u0142em autobusu": {"cars": {"GBA": 4, "SLOP": 1, "GCBART": 2, "WRD": 3, "APRD": 1}, "info": {"LPR": false, "LPR_chances": 0, "max_patients": 12, "SM_replace": 0, "avg_credits": 2500}}, "Osoba uwi\u0119ziona pod maszyn\u0105": {"cars": {"GBA": 2, "GCBART": 2}, "info": {"LPR": false, "LPR_chances": 0, "max_patients": 1, "SM_replace": 0, "avg_credits": 1100}}, "Uszkodzony dach": {"cars": {"GBA": 1, "SH": 1}, "info": {"LPR": false, "LPR_chances": 0, "max_patients": 0, "SM_replace": 0, "avg_credits": 450}}, "Dachowanie samochodu": {"cars": {"GBA": 4, "GCBART": 1, "SLOP": 1, "WRD": 1}, "info": {"LPR": false, "LPR_chances": 0, "max_patients": 5, "SM_replace": 0, "avg_credits": 1300}}, "Po\u017car samochodu ci\u0119\u017carowego z naczep\u0105": {"cars": {"GBA": 3}, "info": {"LPR": false, "LPR_chances": 0, "max_patients": 0, "SM_replace": 0, "avg_credits": 900}}, "Wypadek traktora": {"cars": {"GBA": 3, "SLOP": 1, "WRD": 1}, "info": {"LPR": false, "LPR_chances": 0, "max_patients": 1, "SM_replace": 0, "avg_credits": 1700}}, "P\u0142on\u0105cy pojazd ci\u0119\u017carowy": {"cars": {"GBA": 3, "SLOP": 1, "SCCN": 1, "OPI": 1}, "info": {"LPR": false, "LPR_chances": 0, "max_patients": 0, "SM_replace": 0, "avg_credits": 1400}}, "P\u0142on\u0105ca \u015bmieciarka": {"cars": {"GBA": 3, "SLOP": 2, "SCCN": 1, "OPI": 1}, "info": {"LPR": false, "LPR_chances": 0, "max_patients": 0, "SM_replace": 1, "avg_credits": 2000}}, "Wypadek motocyklowy": {"cars": {"GBA": 3, "SLOP": 1, "WRD": 1}, "info": {"LPR": false, "LPR_chances": 0, "max_patients": 2, "SM_replace": 0, "avg_credits": 2300}}, "Wypadek dw\u00f3ch samochod\u00f3w - Zderzenie boczne": {"cars": {"GBA": 4, "SLOP": 1, "GCBART": 1, "WRD": 1}, "info": {"LPR": true, "LPR_chances": 30, "max_patients": 5, "SM_replace": 0, "avg_credits": 3500}}, "Najechanie na ty\u0142 samochodu": {"cars": {"GBA": 4, "SLOP": 1, "GCBART": 1, "WRD": 1}, "info": {"LPR": true, "LPR_chances": 10, "max_patients": 2, "SM_replace": 0, "avg_credits": 2200}}, "Wypadek dw\u00f3ch samochod\u00f3w - Zderzenie czo\u0142owe": {"cars": {"GBA": 4, "SLOP": 1, "GCBART": 1, "WRD": 2}, "info": {"LPR": true, "LPR_chances": 70, "max_patients": 5, "SM_replace": 0, "avg_credits": 3500}}, "Wypadek na przeje\u017adzie kolejowym": {"cars": {"GBA": 4, "SLOP": 1, "GCBART": 1, "WRD": 2, "APRD": 1}, "info": {"LPR": true, "LPR_chances": 50, "max_patients": 4, "SM_replace": 0, "avg_credits": 3700}}, "Czujka czadu w budynku mieszkalnym": {"cars": {"GBA": 1, "SLOP": 1}, "info": {"LPR": false, "LPR_chances": 0, "max_patients": 2, "SM_replace": 0, "avg_credits": 1100}}, "Rozszczelnienie Butli z gazem": {"cars": {"GBA": 5, "SLOP": 1, "OPI": 1}, "info": {"LPR": false, "LPR_chances": 0, "max_patients": 0, "SM_replace": 0, "avg_credits": 1800}}, "Po\u017car Ma\u0142ego Magazynu": {"cars": {"GBA": 9, "SLOP": 1, "SH": 2}, "info": {"LPR": false, "LPR_chances": 0, "max_patients": 0, "SM_replace": 0, "avg_credits": 6500}}, "Po\u017car Du\u017cego Magazynu": {"cars": {"GBA": 12, "SLOP": 1, "SH": 4, "SPGAZ": 1, "SCCN": 1, "DIL": 1, "SW": 1, "PR": 2}, "info": {"LPR": false, "LPR_chances": 0, "max_patients": 0, "SM_replace": 0, "avg_credits": 10300}}, "Po\u017car Pustostanu": {"cars": {"SW": 1, "GBA": 6, "SLOP": 1, "SH": 1, "OPI": 1}, "info": {"LPR": false, "LPR_chances": 0, "max_patients": 2, "SM_replace": 0, "avg_credits": 4800}}, "Po\u017car chlewni": {"cars": {"SW": 1, "GBA": 6, "SLOP": 1, "SH": 1, "SCCN": 1, "OPI": 1, "PR": 2}, "info": {"LPR": false, "LPR_chances": 0, "max_patients": 2, "SM_replace": 0, "avg_credits": 6800}}, "Po\u017car w sto\u0142\u00f3wce": {"cars": {"GBA": 3, "SLOP": 1}, "info": {"LPR": false, "LPR_chances": 0, "max_patients": 2, "SM_replace": 0, "avg_credits": 1300}}, "Unieruchomiony Wspinacz": {"cars": {"GBA": 1, "GCBART": 1, "SH": 1, "SRWYS": 1}, "info": {"LPR": false, "LPR_chances": 0, "max_patients": 1, "SM_replace": 0, "avg_credits": 650}}, "Pochylone drzewo na budynek mieszkalny": {"cars": {"GBA": 1}, "info": {"LPR": false, "LPR_chances": 0, "max_patients": 0, "SM_replace": 0, "avg_credits": 700}}, "Zwierz\u0119 uwi\u0119zione w studni": {"cars": {"GBA": 1}, "info": {"LPR": false, "LPR_chances": 0, "max_patients": 0, "SM_replace": 0, "avg_credits": 500}}, "Po\u017car silosu": {"cars": {"SW": 1, "GBA": 4, "SH": 1, "SLOP": 2}, "info": {"LPR": false, "LPR_chances": 0, "max_patients": 0, "SM_replace": 0, "avg_credits": 3300}}, "Po\u017car Stodo\u0142y": {"cars": {"SW": 1, "GBA": 9, "SLOP": 2, "SH": 1}, "info": {"LPR": false, "LPR_chances": 0, "max_patients": 0, "SM_replace": 0, "avg_credits": 3800}}, "Uwi\u0119ziony pies w rzece": {"cars": {"GBA": 1}, "info": {"LPR": false, "LPR_chances": 0, "max_patients": 0, "SM_replace": 0, "avg_credits": 1200}}, "P\u0142on\u0105cy stos bel s\u0142omy": {"cars": {"GBA": 5, "SLOP": 1, "SCCN": 1}, "info": {"LPR": false, "LPR_chances": 0, "max_patients": 0, "SM_replace": 0, "avg_credits": 1500}}, "Zalana piwnica": {"cars": {"POWODZ": 1, "GBA": 1}, "info": {"LPR": false, "LPR_chances": 0, "max_patients": 0, "SM_replace": 0, "avg_credits": 1200}}, "Wybuch gazu w mieszkaniu": {"cars": {"GBA": 5, "SH": 2, "SLOP": 1, "SCCN": 1}, "info": {"LPR": false, "LPR_chances": 0, "max_patients": 4, "SM_replace": 0, "avg_credits": 5200}}, "Ulatniaj\u0105cy si\u0119 gaz": {"cars": {"SPGAZ": 1, "GBA": 4, "SLOP": 1}, "info": {"LPR": false, "LPR_chances": 0, "max_patients": 0, "SM_replace": 0, "avg_credits": 2200}}, "Pr\u00f3ba samob\u00f3jcza (skok z budynku)": {"cars": {"GBA": 3, "SH": 1, "OPI": 1}, "info": {"LPR": false, "LPR_chances": 0, "max_patients": 1, "SM_replace": 0, "avg_credits": 3500}}, "Po\u017car autokaru": {"cars": {"GBA": 3, "SLOP": 1}, "info": {"LPR": false, "LPR_chances": 0, "max_patients": 0, "SM_replace": 0, "avg_credits": 3000}}, "Zalany dom": {"cars": {"POWODZ": 1, "GBA": 1}, "info": {"LPR": false, "LPR_chances": 0, "max_patients": 0, "SM_replace": 0, "avg_credits": 1200}}, "Zalany gara\u017c": {"cars": {"POWODZ": 1, "GBA": 1}, "info": {"LPR": false, "LPR_chances": 0, "max_patients": 0, "SM_replace": 0, "avg_credits": 1200}}, "Kot na drzewie": {"cars": {"GBA": 1}, "info": {"LPR": false, "LPR_chances": 0, "max_patients": 0, "SM_replace": 0, "avg_credits": 1500}}, "Potr\u0105cenie na przej\u015bciu dla pieszych": {"cars": {"GBA": 3, "GCBART": 1, "WRD": 1}, "info": {"LPR": false, "LPR_chances": 0, "max_patients": 3, "SM_replace": 0, "avg_credits": 2500}}, "Wypadek ma\u0142ego busa przewo\u017c\u0105cego osoby": {"cars": {"GBA": 5, "SLOP": 1, "GCBART": 2, "AMBULANS": 1, "WRD": 1}, "info": {"LPR": false, "LPR_chances": 0, "max_patients": 5, "SM_replace": 0, "avg_credits": 5500}}, "Po\u017car transformatora": {"cars": {"GBA": 2, "PR": 1}, "info": {"LPR": false, "LPR_chances": 0, "max_patients": 0, "SM_replace": 0, "avg_credits": 1500}}, "Rozleg\u0142y po\u017car wysypiska \u015bmieci": {"cars": {"SW": 1, "GBA": 17, "SLOP": 1, "SCCN": 1, "DIL": 1, "RCHEM": 1, "PR": 2}, "info": {"LPR": false, "LPR_chances": 0, "max_patients": 0, "SM_replace": 0, "avg_credits": 10300}}, "Gniazdo szerszeni w budynku mieszkalnym": {"cars": {"GBA": 1}, "info": {"LPR": false, "LPR_chances": 0, "max_patients": 0, "SM_replace": 0, "avg_credits": 700}}, "Poszukiwania zaginionej osoby": {"cars": {"GBA": 3, "SLOP": 1, "OPI": 1}, "info": {"LPR": false, "LPR_chances": 0, "max_patients": 1, "SM_replace": 0, "avg_credits": 2000}}, "Po\u017car rafinerii": {"cars": {"GBA": 13, "SH": 5, "SLOP": 3, "DIL": 1, "RCHEM": 4, "GCBART": 2, "SCCN": 1, "SPGAZ": 2, "OPI": 3, "PR": 2}, "info": {"LPR": false, "LPR_chances": 0, "max_patients": 0, "SM_replace": 1, "avg_credits": 10000}}, "Zawalenie si\u0119 wie\u017cy ko\u015bcio\u0142a": {"cars": {"GBA": 10, "SH": 4, "SLOP": 3, "OPI": 5}, "info": {"LPR": true, "LPR_chances": 50, "max_patients": 5, "SM_replace": 2, "avg_credits": 8000}}, "Zderzenie wozu stra\u017cackiego z samochodem osobowym": {"cars": {"GBA": 4, "SLOP": 1, "GCBART": 2, "WRD": 3, "APRD": 1}, "info": {"LPR": true, "LPR_chances": 65, "max_patients": 4, "SM_replace": 0, "avg_credits": 2500}}, "Rozpylona nieznana substancja w markecie": {"cars": {"GBA": 3, "SLOP": 1, "RCHEM": 1, "GCBART": 1, "OPI": 2}, "info": {"LPR": false, "LPR_chances": 0, "max_patients": 0, "SM_replace": 0, "avg_credits": 6650}}, "Wybuch agregatu ch\u0142odz\u0105cego": {"cars": {"GBA": 6, "SH": 1, "SLOP": 1, "RCHEM": 1, "OPI": 1}, "info": {"LPR": true, "LPR_chances": 20, "max_patients": 2, "SM_replace": 0, "avg_credits": 4900}}, "Po\u017car w fabryce opon": {"cars": {"GBA": 7, "SH": 2, "SLOP": 1, "RCHEM": 2, "GCBART": 2, "SCCN": 1}, "info": {"LPR": true, "LPR_chances": 70, "max_patients": 3, "SM_replace": 0, "avg_credits": 10000}}, "Pokazy Po\u017carnicze w przedszkolu": {"cars": {"GBA": 1}, "info": {"LPR": false, "LPR_chances": 0, "max_patients": 0, "SM_replace": 0, "avg_credits": 800}}, "Zwisaj\u0105ca ga\u0142\u0105\u017a": {"cars": {"GBA": 1, "SH": 1}, "info": {"LPR": false, "LPR_chances": 0, "max_patients": 0, "SM_replace": 0, "avg_credits": 200}}, "Po\u017car podczas grilla": {"cars": {"GBA": 1}, "info": {"LPR": false, "LPR_chances": 0, "max_patients": 0, "SM_replace": 0, "avg_credits": 600}}, "Po\u017car wagon\u00f3w kolejowych na bocznicy": {"cars": {"GBA": 4, "SH": 1, "SLOP": 2, "GCBART": 1, "SCCN": 1, "SPGAZ": 1}, "info": {"LPR": false, "LPR_chances": 0, "max_patients": 0, "SM_replace": 0, "avg_credits": 4000}}, "Po\u017car Fabryki Chemikali\u00f3w": {"cars": {"SW": 1, "GBA": 12, "SH": 3, "GCBART": 2, "SPGAZ": 3, "SLOP": 1, "SCCN": 1, "RCHEM": 2, "OPI": 2, "PR": 3}, "info": {"LPR": false, "LPR_chances": 0, "max_patients": 0, "SM_replace": 1, "avg_credits": 15300}}, "Du\u017cy po\u017car pola": {"cars": {"SW": 1, "GBA": 8, "SLOP": 2, "SCCN": 1}, "info": {"LPR": false, "LPR_chances": 0, "max_patients": 0, "SM_replace": 0, "avg_credits": 4100}}, "Uruchomiony ROP (R\u0119czny ostrzegacz po\u017carowy) w galerii handlowej": {"cars": {"GBA": 3, "SH": 2, "SLOP": 2, "GCBART": 1}, "info": {"LPR": false, "LPR_chances": 0, "max_patients": 0, "SM_replace": 0, "avg_credits": 2100}}, "Wybuch - przerwany gazoci\u0105g": {"cars": {"GBA": 10, "SLOP": 3, "DIL": 1, "RCHEM": 2, "GCBART": 3, "SCCN": 1, "SPGAZ": 2, "OPI": 4}, "info": {"LPR": true, "LPR_chances": 80, "max_patients": 2, "SM_replace": 1, "avg_credits": 8700}}, "Po\u017car sadzy w kominie": {"cars": {"GBA": 2, "SH": 1, "SLOP": 1}, "info": {"LPR": false, "LPR_chances": 0, "max_patients": 0, "SM_replace": 0, "avg_credits": 3500}}, "Po\u017car w zajezdni tramwajowej": {"cars": {"GBA": 8, "SH": 1, "SLOP": 2, "GCBART": 2, "SCCN": 1, "SPGAZ": 1}, "info": {"LPR": true, "LPR_chances": 10, "max_patients": 2, "SM_replace": 0, "avg_credits": 4800}}, "Potr\u0105cenie przez poci\u0105g": {"cars": {"GBA": 5, "GCBART": 3, "SLOP": 2, "OPI": 5}, "info": {"LPR": true, "LPR_chances": 100, "max_patients": 1, "SM_replace": 0, "avg_credits": 5425}}, "Po\u017car skrzyd\u0142a turbiny wiatrowej": {"cars": {"GBA": 4, "SH": 2, "SLOP": 1, "SRWYS": 1, "PR": 1}, "info": {"LPR": false, "LPR_chances": 0, "max_patients": 0, "SM_replace": 0, "avg_credits": 1700}}, "Po\u017car \u017curawia na budowie": {"cars": {"GBA": 10, "SH": 2, "GCBART": 2, "SLOP": 2, "SCCN": 1, "SRWYS": 2}, "info": {"LPR": false, "LPR_chances": 0, "max_patients": 0, "SM_replace": 0, "avg_credits": 8000}}, "Po\u017car komina hutniczego": {"cars": {"GBA": 8, "SH": 2, "GCBART": 2, "SPGAZ": 1, "SLOP": 2, "SCCN": 1}, "info": {"LPR": false, "LPR_chances": 0, "max_patients": 0, "SM_replace": 0, "avg_credits": 2500}}, "Po\u017car biurowca": {"cars": {"SW": 1, "GBA": 20, "SH": 4, "SPGAZ": 4, "SLOP": 3, "SCCN": 3, "DIL": 1, "SRWYS": 4, "OPI": 5, "PR": 2}, "info": {"LPR": true, "LPR_chances": 30, "max_patients": 30, "SM_replace": 1, "avg_credits": 20300}}, "Karambol w tunelu": {"cars": {"GBA": 4, "SLOP": 2, "DIL": 1, "GCBART": 4, "WRD": 2, "APRD": 1}, "info": {"LPR": true, "LPR_chances": 80, "max_patients": 4, "SM_replace": 0, "avg_credits": 3200}}, "Przewr\u00f3cenie Si\u0119 Cysterny Z Paliwem": {"cars": {"GBA": 4, "GCBART": 1, "SCDZ": 1, "OPI": 2}, "info": {"LPR": false, "LPR_chances": 0, "max_patients": 2, "SM_replace": 1, "avg_credits": 3000}}, "Po\u017car w szkole": {"cars": {"GBA": 6, "SH": 1, "SLOP": 1, "SCCN": 1, "OPI": 2}, "info": {"LPR": true, "LPR_chances": 25, "max_patients": 6, "SM_replace": 0, "avg_credits": 6500}}, "Po\u017car bloku": {"cars": {"GBA": 8, "SH": 3, "SLOP": 3, "GCBART": 2, "SPGAZ": 1, "SCCN": 1}, "info": {"LPR": true, "LPR_chances": 10, "max_patients": 10, "SM_replace": 0, "avg_credits": 6500}}, "Pow\u00f3d\u017a - uk\u0142adanie work\u00f3w z piaskiem": {"cars": {"GBA": 3, "POWODZ": 1, "SLOP": 1}, "info": {"LPR": false, "LPR_chances": 0, "max_patients": 0, "SM_replace": 0, "avg_credits": 2200}}, "Po\u017car domu jednorodzinnego": {"cars": {"GBA": 6, "SH": 2, "SLOP": 1, "GCBART": 2}, "info": {"LPR": true, "LPR_chances": 10, "max_patients": 2, "SM_replace": 0, "avg_credits": 3200}}, "Po\u017car stolarni": {"cars": {"GBA": 7, "SH": 2, "SLOP": 3, "GCBART": 1, "SCCN": 1}, "info": {"LPR": false, "LPR_chances": 0, "max_patients": 0, "SM_replace": 0, "avg_credits": 5000}}, "Wypadek drogowy z udzia\u0142em samochodu ci\u0119\u017carowego": {"cars": {"GBA": 3, "SLOP": 1, "GCBART": 2, "WRD": 1}, "info": {"LPR": true, "LPR_chances": 15, "max_patients": 3, "SM_replace": 0, "avg_credits": 2300}}, "Wypadek samochodowy z udzia\u0142em ci\u0119\u017car\u00f3wki w tunelu": {"cars": {"GBA": 4, "SLOP": 1, "DIL": 1, "GCBART": 3, "OPI": 4}, "info": {"LPR": true, "LPR_chances": 80, "max_patients": 4, "SM_replace": 1, "avg_credits": 3000}}, "Po\u017car tartaku": {"cars": {"GBA": 3, "SH": 2, "SLOP": 1, "SCCN": 1, "PR": 1}, "info": {"LPR": false, "LPR_chances": 0, "max_patients": 0, "SM_replace": 0, "avg_credits": 1900}}, "Karambol": {"cars": {"GBA": 6, "SLOP": 2, "GCBART": 4, "WRD": 2, "APRD": 1}, "info": {"LPR": true, "LPR_chances": 50, "max_patients": 6, "SM_replace": 0, "avg_credits": 4300}}, "Niebezpiecznie przechylony baner reklamowy": {"cars": {"GBA": 1, "SH": 1}, "info": {"LPR": false, "LPR_chances": 0, "max_patients": 0, "SM_replace": 0, "avg_credits": 300}}, "Katastrofa budowlana": {"cars": {"GBA": 10, "SCDZ": 1, "SH": 2, "SLOP": 3, "RCHEM": 1, "GCBART": 6, "OPI": 3, "K9": 1}, "info": {"LPR": true, "LPR_chances": 40, "max_patients": 8, "SM_replace": 1, "avg_credits": 9800}}, "Drzewo powalone na samoch\u00f3d": {"cars": {"GBA": 1, "SLOP": 1, "GCBART": 1}, "info": {"LPR": false, "LPR_chances": 0, "max_patients": 0, "SM_replace": 0, "avg_credits": 850}}, "Zalany magazyn": {"cars": {"GBA": 2, "POWODZ": 1}, "info": {"LPR": false, "LPR_chances": 0, "max_patients": 0, "SM_replace": 0, "avg_credits": 850}}, "Pojazd w rowie": {"cars": {"GBA": 2, "GCBART": 1, "SCDZ": 1, "WRD": 1}, "info": {"LPR": false, "LPR_chances": 0, "max_patients": 0, "SM_replace": 0, "avg_credits": 1400}}, "Od\u0142amany Konar": {"cars": {"GBA": 1, "GCBART": 1}, "info": {"LPR": false, "LPR_chances": 0, "max_patients": 0, "SM_replace": 0, "avg_credits": 650}}, "Niezidentyfikowana Substancja Chemiczna": {"cars": {"GBA": 2, "SPGAZ": 1, "SLOP": 1, "RCHEM": 2, "OPI": 2}, "info": {"LPR": false, "LPR_chances": 0, "max_patients": 0, "SM_replace": 0, "avg_credits": 2000}}, "Substancja Ropopochodna Na Rzece": {"cars": {"GBA": 2, "GCBART": 1, "SLOP": 1, "RCHEM": 2, "OPI": 1}, "info": {"LPR": false, "LPR_chances": 0, "max_patients": 0, "SM_replace": 0, "avg_credits": 2000}}, "Substancja Ropopochodna W Jeziorze": {"cars": {"GBA": 2, "GCBART": 1, "SLOP": 1, "RCHEM": 2, "OPI": 1}, "info": {"LPR": false, "LPR_chances": 0, "max_patients": 0, "SM_replace": 0, "avg_credits": 2000}}, "Podpalenie Samochodu": {"cars": {"GBA": 2, "OPI": 1}, "info": {"LPR": false, "LPR_chances": 0, "max_patients": 0, "SM_replace": 0, "avg_credits": 800}}, "Zawalenie Budynku Mieszkalnego": {"cars": {"GBA": 8, "SH": 1, "SCDZ": 1, "GCBART": 3, "SLOP": 2, "OPI": 2}, "info": {"LPR": false, "LPR_chances": 0, "max_patients": 5, "SM_replace": 0, "avg_credits": 4500}}, "Zawalenie Wie\u017cowca": {"cars": {"GBA": 15, "SH": 4, "GCBART": 5, "SPGAZ": 2, "SLOP": 2, "OPI": 5, "HELIP": 1}, "info": {"LPR": true, "LPR_chances": 10, "max_patients": 20, "SM_replace": 1, "avg_credits": 14000}}, "Po\u017car Domku Letniskowego": {"cars": {"GBA": 5, "SH": 1, "GCBART": 1, "SPGAZ": 1, "SLOP": 1, "OPI": 2}, "info": {"LPR": false, "LPR_chances": 0, "max_patients": 2, "SM_replace": 0, "avg_credits": 2500}}, "Katastrofa samolotu pasa\u017cerskiego": {"cars": {"GBA": 20, "SH": 5, "GCBART": 15, "SPGAZ": 3, "SLOP": 8, "SCCN": 5, "RCHEM": 2, "DIL": 1, "SCDZ": 3, "OPI": 10, "HELIP": 2, "PR": 2}, "info": {"LPR": true, "LPR_chances": 60, "max_patients": 70, "SM_replace": 3, "avg_credits": 40000}}, "Po\u017car spalarni \u015bmieci": {"cars": {"SW": 1, "GBA": 14, "SH": 2, "GCBART": 5, "SPGAZ": 3, "SLOP": 3, "SCCN": 4, "RCHEM": 3, "DIL": 1, "OPI": 4, "PR": 4}, "info": {"LPR": false, "LPR_chances": 0, "max_patients": 0, "SM_replace": 2, "avg_credits": 28300}}, "Wykolejenie si\u0119 poci\u0105gu z substancj\u0105 radioaktywn\u0105": {"cars": {"GBA": 30, "SH": 4, "GCBART": 10, "SPGAZ": 5, "SLOP": 5, "RCHEM": 8, "DIL": 1, "SCDZ": 2, "OPI": 10}, "info": {"LPR": true, "LPR_chances": 50, "max_patients": 2, "SM_replace": 3, "avg_credits": 35000}}, "Po\u017car oczyszczalni \u015bciek\u00f3w": {"cars": {"SW": 1, "GBA": 25, "SH": 4, "GCBART": 6, "SPGAZ": 2, "SLOP": 4, "SCCN": 3, "RCHEM": 2, "DIL": 1, "OPI": 4, "PR": 2}, "info": {"LPR": true, "LPR_chances": 50, "max_patients": 10, "SM_replace": 0, "avg_credits": 28300}}, "Wybuch zbiornik\u00f3w chemicznych": {"cars": {"SW": 1, "GBA": 40, "SH": 4, "GCBART": 10, "SPGAZ": 7, "SLOP": 5, "SCCN": 5, "RCHEM": 5, "DIL": 1, "OPI": 10, "PR": 6}, "info": {"LPR": true, "LPR_chances": 50, "max_patients": 20, "SM_replace": 3, "avg_credits": 38800}}, "Plama oleju": {"cars": {"GBA": 1}, "info": {"LPR": false, "LPR_chances": 0, "max_patients": 0, "SM_replace": 0, "avg_credits": 2000}}, "Po\u017car trocin po wycince drzew": {"cars": {"GBA": 1}, "info": {"LPR": false, "LPR_chances": 0, "max_patients": 0, "SM_replace": 0, "avg_credits": 2000}}, "Widoczne zadymienie": {"cars": {"GBA": 2, "SLOP": 1}, "info": {"LPR": false, "LPR_chances": 0, "max_patients": 0, "SM_replace": 0, "avg_credits": 1000}}, "Zadymienie w budynku mieszkalnym": {"cars": {"GBA": 3, "SH": 1, "SLOP": 1}, "info": {"LPR": false, "LPR_chances": 0, "max_patients": 0, "SM_replace": 0, "avg_credits": 2500}}, "Zadymienie w domu jednorodzinnym": {"cars": {"GBA": 4, "SLOP": 1}, "info": {"LPR": false, "LPR_chances": 0, "max_patients": 0, "SM_replace": 0, "avg_credits": 4000}}, "Nieudane l\u0105dowanie spadochroniarza": {"cars": {"SH": 1, "SLOP": 1, "GBA": 2, "GCBART": 1}, "info": {"LPR": false, "LPR_chances": 0, "max_patients": 1, "SM_replace": 0, "avg_credits": 2500}}, "Ewakuacja hotelu": {"cars": {"GBA": 6, "SH": 1, "GCBART": 1, "SLOP": 2, "DIL": 1, "OPI": 4, "AMBULANS": 2}, "info": {"LPR": false, "LPR_chances": 0, "max_patients": 1, "SM_replace": 1, "avg_credits": 8800}}, "Ewakuacja biurowca": {"cars": {"GBA": 8, "SH": 1, "GCBART": 2, "SLOP": 2, "DIL": 1, "OPI": 6, "AMBULANS": 3}, "info": {"LPR": false, "LPR_chances": 0, "max_patients": 2, "SM_replace": 1, "avg_credits": 15000}}, "Kolizja trzech samochod\u00f3w osobowych": {"cars": {"GBA": 2, "GCBART": 1, "SLOP": 1}, "info": {"LPR": false, "LPR_chances": 0, "max_patients": 0, "SM_replace": 0, "avg_credits": 3000}}, "Wypadek podczas po\u015bcigu policyjnego": {"cars": {"GBA": 3, "GCBART": 1, "OPI": 4, "WRD": 2, "APRD": 1}, "info": {"LPR": true, "LPR_chances": 15, "max_patients": 3, "SM_replace": 0, "avg_credits": 5000}}, "Po\u017car poddasza": {"cars": {"GBA": 5, "SH": 1}, "info": {"LPR": false, "LPR_chances": 0, "max_patients": 0, "SM_replace": 0, "avg_credits": 2500}}, "Po\u017car w ogrodzie": {"cars": {"GBA": 1}, "info": {"LPR": false, "LPR_chances": 0, "max_patients": 0, "SM_replace": 0, "avg_credits": 1500}}, "Po\u017car Kurnika": {"cars": {"GBA": 2}, "info": {"LPR": false, "LPR_chances": 0, "max_patients": 0, "SM_replace": 0, "avg_credits": 1000}}, "Po\u017car Obory": {"cars": {"GBA": 4, "SH": 1, "GCBART": 1, "SLOP": 1, "SPGAZ": 1, "OPI": 1}, "info": {"LPR": false, "LPR_chances": 0, "max_patients": 1, "SM_replace": 0, "avg_credits": 4500}}, "Monitoring przeciwpo\u017carowy (Magazyn)": {"cars": {"GBA": 4, "SH": 1, "SLOP": 1}, "info": {"LPR": false, "LPR_chances": 0, "max_patients": 0, "SM_replace": 0, "avg_credits": 4500}}, "Monitoring przeciwpo\u017carowy (Fabryka)": {"cars": {"GBA": 5, "SH": 1, "SLOP": 1}, "info": {"LPR": false, "LPR_chances": 0, "max_patients": 0, "SM_replace": 0, "avg_credits": 5000}}, "Du\u017cy po\u017car traw": {"cars": {"GBA": 4, "SLOP": 1}, "info": {"LPR": false, "LPR_chances": 0, "max_patients": 0, "SM_replace": 0, "avg_credits": 2500}}, "Utkni\u0119cie w windzie": {"cars": {"GCBART": 1}, "info": {"LPR": false, "LPR_chances": 0, "max_patients": 0, "SM_replace": 0, "avg_credits": 1200}}, "Po\u017car kot\u0142owni": {"cars": {"GBA": 5, "SLOP": 1}, "info": {"LPR": false, "LPR_chances": 0, "max_patients": 0, "SM_replace": 0, "avg_credits": 3000}}, "Zawalenie mostu": {"cars": {"GBA": 14, "GCBART": 5, "SH": 1, "SLOP": 4, "DIL": 1, "OPI": 4, "WRD": 2}, "info": {"LPR": true, "LPR_chances": 20, "max_patients": 8, "SM_replace": 1, "avg_credits": 10500}}, "Awaria elektrowni": {"cars": {"GBA": 8, "SH": 1, "SLOP": 2, "GCBART": 2, "SPGAZ": 1}, "info": {"LPR": false, "LPR_chances": 0, "max_patients": 0, "SM_replace": 0, "avg_credits": 5300}}, "Roz\u0142o\u017cenie kurtyny wodnej": {"cars": {"GBA": 1}, "info": {"LPR": false, "LPR_chances": 0, "max_patients": 0, "SM_replace": 0, "avg_credits": 500}}, "Po\u017car szeregowca": {"cars": {"GBA": 9, "SH": 1, "SLOP": 2, "GCBART": 1, "SPGAZ": 1, "SCCN": 1}, "info": {"LPR": true, "LPR_chances": 10, "max_patients": 4, "SM_replace": 0, "avg_credits": 15000}}, "Po\u017car w magazynie chemicznym": {"cars": {"GBA": 15, "SH": 2, "SLOP": 4, "DIL": 1, "GCBART": 2, "SPGAZ": 1, "RCHEM": 2, "SCCN": 1}, "info": {"LPR": false, "LPR_chances": 0, "max_patients": 0, "SM_replace": 0, "avg_credits": 18500}}, "Zalana ma\u0142a ulica": {"cars": {"GBA": 1, "POWODZ": 1}, "info": {"LPR": false, "LPR_chances": 0, "max_patients": 0, "SM_replace": 0, "avg_credits": 1400}}, "Zalana du\u017ca ulica": {"cars": {"GCBART": 1, "GBA": 2, "POWODZ": 1}, "info": {"LPR": false, "LPR_chances": 0, "max_patients": 0, "SM_replace": 0, "avg_credits": 2000}}, "Zalana klatka schodowa w bloku": {"cars": {"GBA": 1, "POWODZ": 1}, "info": {"LPR": false, "LPR_chances": 0, "max_patients": 0, "SM_replace": 0, "avg_credits": 1800}}, "Zalana droga dojazdowa s\u0142u\u017cb ratunkowych": {"cars": {"POWODZ": 1}, "info": {"LPR": false, "LPR_chances": 0, "max_patients": 0, "SM_replace": 0, "avg_credits": 1600}}, "Zalany sklep spo\u017cywczy": {"cars": {"POWODZ": 1}, "info": {"LPR": false, "LPR_chances": 0, "max_patients": 0, "SM_replace": 0, "avg_credits": 1600}}, "Zalana szko\u0142a": {"cars": {"GBA": 2, "GCBART": 1, "POWODZ": 1}, "info": {"LPR": false, "LPR_chances": 0, "max_patients": 0, "SM_replace": 0, "avg_credits": 2400}}, "Zalana galeria handlowa": {"cars": {"GBA": 4, "GCBART": 1, "POWODZ": 2}, "info": {"LPR": false, "LPR_chances": 0, "max_patients": 0, "SM_replace": 0, "avg_credits": 3200}}, "Zalanie na lotnisku": {"cars": {"GBA": 5, "GCBART": 2, "SLOP": 1, "POWODZ": 3}, "info": {"LPR": false, "LPR_chances": 0, "max_patients": 0, "SM_replace": 0, "avg_credits": 3800}}, "Czujka czadu w Magazynie": {"cars": {"GBA": 5, "SH": 1, "SLOP": 2, "GCBART": 2, "SPGAZ": 1}, "info": {"LPR": false, "LPR_chances": 0, "max_patients": 0, "SM_replace": 0, "avg_credits": 8500}}, "Po\u017car na stacji benzynowej": {"cars": {"SW": 1, "GBA": 12, "SH": 1, "SLOP": 4, "GCBART": 5, "SPGAZ": 2, "SCCN": 1, "RCHEM": 3, "OPI": 5, "DIL": 1, "PR": 2}, "info": {"LPR": false, "LPR_chances": 0, "max_patients": 0, "SM_replace": 2, "avg_credits": 18300}}, "Przerwanie wa\u0142u przeciwpowodziowego": {"cars": {"GBA": 6, "SLOP": 2, "GCBART": 1, "POWODZ": 2}, "info": {"LPR": false, "LPR_chances": 0, "max_patients": 0, "SM_replace": 0, "avg_credits": 10050}}, "Zalanie parkingu podziemnego": {"cars": {"GBA": 4, "SLOP": 1, "POWODZ": 1}, "info": {"LPR": false, "LPR_chances": 0, "max_patients": 0, "SM_replace": 0, "avg_credits": 8300}}, "Rozleg\u0142y po\u017car zbo\u017ca na pniu": {"cars": {"GBA": 30, "SLOP": 8, "DIL": 1, "SCCN": 2, "OPI": 2}, "info": {"LPR": false, "LPR_chances": 0, "max_patients": 0, "SM_replace": 1, "avg_credits": 21500}}, "Rozleg\u0142y po\u017car pola": {"cars": {"GBA": 18, "SLOP": 4, "SCCN": 1, "OPI": 1}, "info": {"LPR": false, "LPR_chances": 0, "max_patients": 0, "SM_replace": 0, "avg_credits": 16500}}, "Du\u017cy po\u017car zbo\u017ca na pniu": {"cars": {"GBA": 15, "SLOP": 3, "SCCN": 1}, "info": {"LPR": false, "LPR_chances": 0, "max_patients": 0, "SM_replace": 0, "avg_credits": 15500}}, "Powa\u017cny wypadek na autostradzie": {"cars": {"GBA": 5, "SLOP": 2, "GCBART": 2, "OPI": 4, "SCDZ": 1, "WRD": 3, "APRD": 1}, "info": {"LPR": true, "LPR_chances": 50, "max_patients": 6, "SM_replace": 1, "avg_credits": 12000}}, "Potr\u0105cenie rowerzysty": {"cars": {"GBA": 1, "SLOP": 1, "OPI": 1}, "info": {"LPR": true, "LPR_chances": 15, "max_patients": 1, "SM_replace": 0, "avg_credits": 4000}}, "Po\u017car ma\u0142ego parku": {"cars": {"GBA": 4, "SH": 1, "SLOP": 1}, "info": {"LPR": false, "LPR_chances": 0, "max_patients": 0, "SM_replace": 0, "avg_credits": 4750}}, "Po\u017car du\u017cego parku": {"cars": {"GBA": 8, "SH": 2, "SLOP": 2, "GCBART": 1, "SPGAZ": 1, "SCCN": 1, "DIL": 1}, "info": {"LPR": false, "LPR_chances": 0, "max_patients": 1, "SM_replace": 0, "avg_credits": 12500}}, "Wypadek kolejowy - Zderzenie czo\u0142owe dw\u00f3ch poci\u0105g\u00f3w": {"cars": {"GBA": 15, "SH": 1, "SLOP": 5, "DIL": 1, "GCBART": 8, "SCDZ": 1, "OPI": 2}, "info": {"LPR": true, "LPR_chances": 10, "max_patients": 40, "SM_replace": 0, "avg_credits": 28000}}, "Po\u017car lokomotywy": {"cars": {"GBA": 4, "SLOP": 1, "GCBART": 1}, "info": {"LPR": false, "LPR_chances": 0, "max_patients": 0, "SM_replace": 0, "avg_credits": 5000}}, "P\u0142on\u0105cy samoch\u00f3d elektryczny": {"cars": {"GBA": 2, "PR": 1}, "info": {"LPR": false, "LPR_chances": 0, "max_patients": 0, "SM_replace": 0, "avg_credits": 1750}}, "Po\u017car s\u0142upa wysokiego napi\u0119cia": {"cars": {"GBA": 3, "PR": 1, "GCBART": 1, "SH": 1}, "info": {"LPR": false, "LPR_chances": 0, "max_patients": 0, "SM_replace": 0, "avg_credits": 2800}}, "Po\u017car rozdzielni elektrycznej": {"cars": {"GBA": 6, "PR": 2, "SLOP": 1, "GCBART": 1}, "info": {"LPR": false, "LPR_chances": 0, "max_patients": 0, "SM_replace": 0, "avg_credits": 8450}}, "Po\u017car lokomotywy elektrycznej": {"cars": {"GBA": 3, "PR": 1, "SLOP": 1}, "info": {"LPR": false, "LPR_chances": 0, "max_patients": 1, "SM_replace": 0, "avg_credits": 5000}}, "Po\u017car hali z transformatorem": {"cars": {"GBA": 8, "PR": 3, "SH": 1, "SLOP": 2, "SW": 1}, "info": {"LPR": false, "LPR_chances": 0, "max_patients": 0, "SM_replace": 0, "avg_credits": 10800}}, "Po\u017car elektrowni": {"cars": {"GBA": 12, "SH": 2, "SLOP": 3, "GCBART": 2, "SPGAZ": 1, "RCHEM": 1, "DIL": 1, "PR": 6, "SW": 1}, "info": {"LPR": false, "LPR_chances": 0, "max_patients": 0, "SM_replace": 0, "avg_credits": 14250}}, "P\u0142on\u0105ca cysterna": {"cars": {"GBA": 2, "SLOP": 1, "OPI": 1}, "info": {"LPR": false, "LPR_chances": 0, "max_patients": 0, "SM_replace": 0, "avg_credits": 2300}}, "Wypadek z udzia\u0142em cysterny przewo\u017c\u0105cej niebezpieczn\u0105 substancj\u0119": {"cars": {"GBA": 6, "SLOP": 2, "GCBART": 3, "SPGAZ": 1, "RCHEM": 2, "OPI": 3, "WRD": 2}, "info": {"LPR": true, "LPR_chances": 60, "max_patients": 2, "SM_replace": 1, "avg_credits": 11000}}, "Zderzenie dw\u00f3ch tramwaj\u00f3w": {"cars": {"GBA": 9, "SLOP": 3, "GCBART": 4, "DIL": 1, "OPI": 1, "WRD": 2}, "info": {"LPR": true, "LPR_chances": 10, "max_patients": 28, "SM_replace": 0, "avg_credits": 8950}}, "Wypadek tramwaju z samochodem osobowym": {"cars": {"GBA": 6, "SLOP": 2, "GCBART": 3, "WRD": 2}, "info": {"LPR": true, "LPR_chances": 15, "max_patients": 9, "SM_replace": 0, "avg_credits": 8400}}, "Zadymienie w tunelu": {"cars": {"GBA": 4, "SLOP": 1}, "info": {"LPR": false, "LPR_chances": 0, "max_patients": 0, "SM_replace": 0, "avg_credits": 4500}}, "Zadymienie na dworcu kolejowym": {"cars": {"GBA": 5, "SH": 1, "SLOP": 1}, "info": {"LPR": false, "LPR_chances": 0, "max_patients": 0, "SM_replace": 0, "avg_credits": 5300}}, "Wybuch w fabryce fajerwerk\u00f3w": {"cars": {"GBA": 15, "SH": 3, "SLOP": 5, "SPGAZ": 1, "DIL": 1, "PR": 2}, "info": {"LPR": false, "LPR_chances": 0, "max_patients": 0, "SM_replace": 0, "avg_credits": 14500}}, "Po\u017car hotelu": {"cars": {"GBA": 8, "SH": 2, "SLOP": 3, "SRWYS": 1}, "info": {"LPR": false, "LPR_chances": 0, "max_patients": 10, "SM_replace": 0, "avg_credits": 8700}}, "Po\u017car w muzeum": {"cars": {"GBA": 5, "SH": 1, "SLOP": 2, "SCCN": 1}, "info": {"LPR": false, "LPR_chances": 0, "max_patients": 0, "SM_replace": 0, "avg_credits": 3200}}, "Po\u017car na kempingu": {"cars": {"GBA": 5, "SLOP": 2}, "info": {"LPR": false, "LPR_chances": 0, "max_patients": 4, "SM_replace": 0, "avg_credits": 5200}}, "P\u0142on\u0105cy kontener na \u015bmieci": {"cars": {"GBA": 1}, "info": {"LPR": false, "LPR_chances": 0, "max_patients": 0, "SM_replace": 0, "avg_credits": 1300}}, "Karambol na mo\u015bcie": {"cars": {"GBA": 6, "SLOP": 2, "GCBART": 2, "SCDZ": 1, "WRD": 2, "APRD": 1}, "info": {"LPR": true, "LPR_chances": 5, "max_patients": 6, "SM_replace": 0, "avg_credits": 4100}}, "Po\u017car lawety przewo\u017c\u0105cej samochody": {"cars": {"GBA": 4, "SLOP": 1}, "info": {"LPR": false, "LPR_chances": 0, "max_patients": 0, "SM_replace": 0, "avg_credits": 3050}}, "Zderzenie ze zwierz\u0119ciem": {"cars": {"GBA": 2, "SLOP": 1, "GCBART": 1}, "info": {"LPR": false, "LPR_chances": 0, "max_patients": 2, "SM_replace": 0, "avg_credits": 1900}}, "Ma\u0142y po\u017car nasypu kolejowego": {"cars": {"GBA": 3, "SLOP": 1}, "info": {"LPR": false, "LPR_chances": 0, "max_patients": 0, "SM_replace": 0, "avg_credits": 3000}}, "Niezidentyfikowana substancja na drodze": {"cars": {"GBA": 3, "SLOP": 1, "GCBART": 1, "RCHEM": 1}, "info": {"LPR": false, "LPR_chances": 0, "max_patients": 0, "SM_replace": 0, "avg_credits": 5000}}, "Wypadek - samoch\u00f3d wjecha\u0142 w barierki": {"cars": {"GBA": 3, "SLOP": 3, "GCBART": 1, "OPI": 1, "WRD": 1}, "info": {"LPR": false, "LPR_chances": 0, "max_patients": 1, "SM_replace": 0, "avg_credits": 3800}}, "Po\u017car na dworcu kolejowym": {"cars": {"GBA": 7, "SH": 2, "SLOP": 2}, "info": {"LPR": false, "LPR_chances": 0, "max_patients": 0, "SM_replace": 0, "avg_credits": 4500}}, "Zagro\u017cenie ska\u017ceniem chemicznym w poci\u0105gu": {"cars": {"GBA": 7, "SLOP": 2, "RCHEM": 4, "AMBULANS": 2}, "info": {"LPR": false, "LPR_chances": 0, "max_patients": 20, "SM_replace": 0, "avg_credits": 10500}}, "Dachowanie autobusu": {"cars": {"GBA": 8, "SLOP": 2, "GCBART": 3, "OPI": 3, "SCDZ": 1, "WRD": 2, "APRD": 1}, "info": {"LPR": true, "LPR_chances": 5, "max_patients": 18, "SM_replace": 0, "avg_credits": 8900}}, "Drzewo powalone na dom": {"cars": {"GBA": 1, "SH": 1}, "info": {"LPR": false, "LPR_chances": 0, "max_patients": 0, "SM_replace": 0, "avg_credits": 950}}, "Drzewo powalone na chodnik": {"cars": {"GBA": 1}, "info": {"LPR": false, "LPR_chances": 0, "max_patients": 0, "SM_replace": 0, "avg_credits": 700}}, "Drzewo powalone na linie energetyczn\u0105": {"cars": {"GBA": 1}, "info": {"LPR": false, "LPR_chances": 0, "max_patients": 0, "SM_replace": 0, "avg_credits": 800}}, "Ognisko bez nadzoru": {"cars": {"GBA": 1}, "info": {"LPR": false, "LPR_chances": 0, "max_patients": 0, "SM_replace": 0, "avg_credits": 700}}, "Wypalanie ga\u0142\u0119zi pod nadzorem": {"cars": {"GBA": 1}, "info": {"LPR": false, "LPR_chances": 0, "max_patients": 0, "SM_replace": 0, "avg_credits": 650}}, "Po\u017car katedry": {"cars": {"GBA": 7, "SH": 2, "SLOP": 2, "SRWYS": 1}, "info": {"LPR": false, "LPR_chances": 0, "max_patients": 0, "SM_replace": 0, "avg_credits": 6500}}, "Po\u017car w sk\u0142adowisku z\u0142omu": {"cars": {"GBA": 3, "SLOP": 1}, "info": {"LPR": false, "LPR_chances": 0, "max_patients": 0, "SM_replace": 0, "avg_credits": 2100}}, "Uszkodzona rura wodoci\u0105gowa": {"cars": {"GBA": 1, "SLOP": 1, "GCBART": 1}, "info": {"LPR": false, "LPR_chances": 0, "max_patients": 0, "SM_replace": 0, "avg_credits": 1200}}, "Uszkodzony hydrant": {"cars": {"GBA": 1, "GCBART": 1}, "info": {"LPR": false, "LPR_chances": 0, "max_patients": 0, "SM_replace": 0, "avg_credits": 900}}, "Rozleg\u0142y po\u017car traw": {"cars": {"GBA": 9, "SLOP": 2, "SCCN": 1}, "info": {"LPR": false, "LPR_chances": 0, "max_patients": 0, "SM_replace": 0, "avg_credits": 5600}}, "Po\u017car \u0142\u0105ki": {"cars": {"GBA": 1}, "info": {"LPR": false, "LPR_chances": 0, "max_patients": 0, "SM_replace": 0, "avg_credits": 1100}}, "Po\u017car trzciny": {"cars": {"GBA": 1}, "info": {"LPR": false, "LPR_chances": 0, "max_patients": 0, "SM_replace": 0, "avg_credits": 1400}}, "Katastrofa helikoptera": {"cars": {"GBA": 5, "SLOP": 3, "GCBART": 3, "RCHEM": 1, "SPGAZ": 1, "SCDZ": 1}, "info": {"LPR": true, "LPR_chances": 5, "max_patients": 5, "SM_replace": 0, "avg_credits": 8950}}, "Wodowanie helikoptera": {"cars": {"GBA": 4, "SLOP": 2}, "info": {"LPR": false, "LPR_chances": 0, "max_patients": 0, "SM_replace": 0, "avg_credits": 6300}}, "Po\u017car instalacji fotowoltaicznej": {"cars": {"GBA": 4, "SH": 1, "SLOP": 1}, "info": {"LPR": false, "LPR_chances": 0, "max_patients": 0, "SM_replace": 0, "avg_credits": 3300}}, "Po\u017car farmy fotowoltaicznej": {"cars": {"GBA": 9, "SLOP": 3, "SCCN": 1, "DIL": 1}, "info": {"LPR": false, "LPR_chances": 0, "max_patients": 0, "SM_replace": 0, "avg_credits": 8050}}, "Alarm przeciwpo\u017carowy na dworcu kolejowym": {"cars": {"GBA": 3, "SH": 1, "SLOP": 1}, "info": {"LPR": false, "LPR_chances": 0, "max_patients": 0, "SM_replace": 0, "avg_credits": 2300}}, "Alarm przeciwpo\u017carowy w hotelu": {"cars": {"GBA": 4, "SH": 1, "SLOP": 1}, "info": {"LPR": false, "LPR_chances": 0, "max_patients": 0, "SM_replace": 0, "avg_credits": 2500}}, "Potr\u0105cenie na drodze le\u015bnej": {"cars": {"GBA": 2, "SLOP": 1, "GCBART": 1, "WRD": 1}, "info": {"LPR": true, "LPR_chances": 10, "max_patients": 2, "SM_replace": 0, "avg_credits": 3100}}, "Zderzenie samochodu z drzewem": {"cars": {"GBA": 3, "SLOP": 1, "GCBART": 1}, "info": {"LPR": true, "LPR_chances": 5, "max_patients": 2, "SM_replace": 0, "avg_credits": 2900}}, "Po\u017car poszycia le\u015bnego": {"cars": {"GBA": 1}, "info": {"LPR": false, "LPR_chances": 0, "max_patients": 0, "SM_replace": 0, "avg_credits": 900}}, "Du\u017cy po\u017car lasu": {"cars": {"GBA": 28, "SLOP": 5, "SCCN": 1, "OPI": 2, "DIL": 1, "SW": 1}, "info": {"LPR": false, "LPR_chances": 0, "max_patients": 0, "SM_replace": 1, "avg_credits": 15500}}, "Po\u017car ciep\u0142owni": {"cars": {"GBA": 7, "SH": 1, "SLOP": 2, "SCCN": 1}, "info": {"LPR": false, "LPR_chances": 0, "max_patients": 0, "SM_replace": 0, "avg_credits": 5900}}}